[{"services":"brochures","date":"03-05-2015","quaniity":"100","rate":"$0.95","total":"$95.00"},{"services":"postcards","date":"03-06-2015","quaniity":"250","rate":"$0.16","total":"$40.00"},{"services":"calendars","date":"03-11-2015","quaniity":"10","rate":"$8.50","total":"$85.00"},{"services":"banners","date":"03-19-2015","quaniity":"5","rate":"$7.56","total":"$37.80"},{"services":"letterhead","date":"03-27-2015","quaniity":"500","rate":"$0.18","total":"$90.00"},{"services":"catalogs","date":"04-08-2015","quaniity":"50","rate":"$1.33","total":"$66.50"},{"services":"copies","date":"04-15-2015","quaniity":"300","rate":"$0.12","total":"$36.00"},{"services":"posters","date":"04-26-2015","quaniity":"16","rate":"$5.95","total":"$95.20"},{"services":"photo printing","date":"04-29-2015","quaniity":"50","rate":"$0.34","total":"$17.00"},{"services":"signs","date":"04-30-2015","quaniity":"5","rate":"$9.99","total":"$49.95"}]